temperature,population_density,vaccination_rate,historical_outbreaks
26.236203565420873,966.4079977511673,63.0852841867953,0
43.52142919229749,2732.4096895228727,62.348939953599995,1
36.95981825434215,4371.081887588221,95.31272902605184,0
32.959754525911094,3674.513187727328,62.477309992475305,0
19.680559213273096,4042.477681914176,63.59748630643155,0
19.67983561008608,3310.977665218051,87.96991312089818,1
16.742508365045985,3476.7689943633695,72.486992122527,1
40.98528437324806,4253.51847524833,88.83552784775907,0
33.03345035229626,1285.8566438529704,53.26830787821926,0
36.242177333881365,2472.6535700335453,74.37855968366921,0
15.617534828874074,1144.986737007031,51.680680009164135,0
44.097295564859834,4938.956639583403,53.13266017276773,0
39.97327922401266,4723.0937314487355,95.32187266722055,0
21.370173320348286,245.16271627410418,56.96226855587976,0
20.454749016213018,3542.597103952658,76.62103411376086,0
20.502135295603015,4629.979171207546,70.55478013003533,0
24.127267288786133,943.847958380301,67.36716631294213,1
30.742692948967136,2861.328891235516,94.99166728436361,0
27.958350559263472,4581.6670730608075,51.091169838774476,0
23.736874205941255,218.03259399970426,83.18948430877946,1
33.35558684167138,3502.2303228718574,98.16972171067752,0
19.184815819561255,1521.8775864941263,78.0084091730921,0
23.764339456056547,4625.761167113826,96.84112310165459,0
25.99085529881075,4856.73831356857,52.612893964301186,0
28.682099526511077,4724.119121111498,70.93966595370807,0
38.55527884179041,2397.3603724544455,63.007889548102554,0
20.99021346475079,4317.111122397101,86.54104824903649,1
30.42703315240835,4230.519522748598,99.06485452486234,0
32.772437065861276,1629.5473425541154,62.82650312221239,0
16.393512381599933,4153.131597045853,82.70873007370372,0
33.226345557043146,233.18779184168847,59.904881637987,0
20.115723710618745,3001.5358984861628,78.2665127285805,0
16.951547789558386,1188.5437445741302,73.19662433441681,1
43.466566117599996,646.8060845975301,98.60026648157685,0
43.96896099223678,430.9183480645853,80.42636363482333,0
39.25192044349383,3496.629440596792,67.47531860434094,0
24.13841307520112,1732.3810706519273,55.704789244396665,0
17.930163420191516,3637.5955190673694,57.56234143674673,1
35.52699079536471,373.51388695476476,61.26584649756175,0
28.20457481218804,1610.6871722615213,62.5483330670149,0
18.661147045343366,2720.481897257919,92.5308028920569,0
29.855307303338105,3964.0796659528696,78.06113941412625,1
16.031655633456552,1627.824889513746,76.16954556871832,0
42.27961206236346,3148.162313363195,55.73844359346087,0
22.763399448000506,4435.589853769126,93.00698466747176,1
34.875668530619464,3098.5227815024077,86.14071516042418,1
24.35133228268233,1203.1494000304872,53.38341809500008,0
30.602040635334326,170.7838687048632,85.39175486148844,0
31.40130838029839,4356.989425809603,77.1769108671323,0
20.545633665765813,155.28358370941635,54.08626728733891,0
44.08753883293676,4379.7732797867875,72.91503207643282,0
38.253984700833435,2668.2388134346993,74.23481435650234,0
43.18496824692568,4698.385107638836,58.28872700816379,0
41.844820512829465,4003.9770170796437,97.28490735001412,0
32.93699936433255,4989.773847140021,92.4987685740331,0
42.6562270506935,1786.0234864859653,83.45111686645541,1
17.654775061557586,3847.5820302090783,73.11477805003037,0
20.879485872574357,2039.5580223657487,70.58827707922542,0
16.35681866731614,2425.3843205043486,82.5486733575477,0
24.759909922897933,3156.152042930932,77.27159347034527,1
26.660318690684463,4374.701715222377,53.11365529409428,0
23.140470953216877,4921.213172536511,75.62513243851659,0
39.86212527455788,3852.953398629365,90.32018086164197,0
25.70259980080768,2117.945571728302,72.96199387984791,0
23.428035290621423,2135.7171612714974,52.59782887771342,0
31.280882494747456,3701.0323928650128,89.31390996920166,0
19.22772674924288,1231.9468715530966,60.06818910679872,0
39.06590942262119,596.8468600004036,62.93104174440194,1
17.236519310393124,1805.3796803218438,58.235317671614794,0
44.60660809801552,1471.8330086877045,66.51075324357488,0
38.16734307889972,1516.7251962571509,87.83757528443175,1
20.961470446025174,1206.3583676970543,75.96929297519686,0
15.165663513708072,258.3612886999913,60.24406370753563,0
39.463842853645026,138.47597693039836,93.89150390760204,0
36.205720315428515,4939.225829193356,93.97909274757646,0
36.87021504122962,2167.477011992519,93.52892125230034,1
38.13811040057837,1952.4169034404242,61.93981056907697,1
17.221339552022712,3414.2540493306956,72.56196720904941,0
25.753971856328178,1130.3567449320676,99.24948280704376,0
18.47607178575389,4752.307860553616,88.60062381549952,1
40.89310277626781,3942.407821356983,51.35837106127799,1
33.69894380482674,492.5844614456846,53.2602295630246,1
24.926940745579476,2117.0248401353956,73.19656884061664,0
16.90675050858071,4401.6356224327155,95.461010293078,0
24.329469651469864,4726.423510342481,76.93508989763572,1
24.75549966080241,2363.6374806868553,74.89062540171452,0
36.888185350141924,3086.386376593003,55.27368499783153,0
34.12672414065639,876.8180331557724,82.8390052362147,0
41.616382277289794,4956.284699378034,91.10515803001127,0
29.16644775485848,1196.7749218480449,69.02100037537812,0
18.58782737814905,4716.5222819688715,88.78059254626638,0
36.39734361668985,3265.7509125122237,98.22383269504058,1
37.82355145850693,3058.2971346503527,60.188322956384454,0
31.83831592708489,2587.8081295317174,76.16648155973706,1
38.12901539863683,1191.8155680029056,64.35689790422877,0
29.81386789093172,923.813758427266,89.64272095169197,0
30.681984881459822,1141.406734897368,78.87966829405788,1
27.826230550756488,972.8693976140598,81.72912087751519,0
15.762573802322855,3908.943144155429,89.8957079807947,0
18.236742809799132,1783.1200328753139,69.79852363312274,0
15.942875570602027,336.32124898881204,95.75450342035217,0
34.09231233791341,4847.058019197016,76.65144336230699,1
24.4306794322898,4424.740130568957,57.8977411417674,1
30.257120734941083,4642.373801816304,84.79495590844013,0
42.22699421778279,4974.793722099855,89.66306752191272,0
22.47876687446625,910.7814836364621,65.83808385337633,0
27.31148769106889,2011.397993568161,92.85896284993765,1
37.66653415629146,3803.280454735252,95.30716273828833,0
21.863944964748676,3495.3020593662714,63.84522436889045,0
17.30939729486379,811.7847363822825,99.1760736357611,0
23.69254358741304,4088.373968703558,57.03557640243792,0
19.83663861762013,1160.9808305914703,60.1007834201245,0
42.890929570277194,1157.8971933719843,59.21124196190131,1
39.24361138693251,2708.023393322397,94.69948550039352,0
34.002112695312704,2985.0526774664304,82.7146276162481,0
41.143817705631534,2921.426728797165,57.60521416111364,1
39.110162306973436,502.8598451188866,72.01617091841744,1
20.597101766581076,4393.431270020383,80.76490125349011,0
41.77676995469933,1364.720210814095,54.173204249469165,0
31.18026725746952,691.0988603498806,94.12081842036693,0
39.22320465492187,4449.302995351437,90.18017677207675,0
41.8827389977048,4780.474916237279,75.26033867883191,0
24.540104249155917,4317.531705463981,98.35633076295852,0
18.301557735830304,4057.1045698881467,70.88804896375498,0
21.83805487625825,3293.4478041631573,99.20551595182489,1
27.813233658787688,2776.7439845152394,83.39599994018135,0
39.54044297767479,480.58446156148017,81.73356366269707,0
40.82191749769031,2071.8434046999587,58.29774476478925,0
15.208563915935722,1894.8081592109543,94.0963879152322,1
30.32241907732697,1335.7812296136146,71.37448439603077,1
27.52233009446337,3630.9295627584956,58.111670289123964,1
21.663234314121908,2504.5848886399153,50.630375998787954,1
18.595961020010485,451.1787687428573,77.98778418191912,1
25.12845514210884,1139.906849651566,76.36998110613382,0
43.287291117375574,3432.130880115,85.96768111845793,0
24.696087960622656,426.8477544769859,94.51290265089011,0
30.563718652300985,4263.474224541405,53.97032923215148,1
36.090568766855334,2500.975308719173,86.57482451701811,1
25.90888807137882,2428.9035577669074,59.37059720487911,0
44.15346248162882,2982.4185340646122,92.9088526578582,0
43.87341884826334,4132.170781329489,90.95317569308281,0
22.553468874760924,1771.6555791158555,77.03968774927722,1
29.91745517677156,3406.179955167365,85.51213993116558,0
24.026349294503092,2850.3732217791658,65.71750565918742,0
23.545214831324028,1371.7899373386356,73.55839494664073,0
16.106608420635983,4399.218432458032,91.08184488552358,0
33.286930019396905,3997.258806954294,72.96325985866069,1
30.080370696865845,3309.336581559206,67.88991326627209,0
16.54436253749968,4260.379559016497,74.710622362515,1
23.359393927098346,4343.106294751022,91.41246262186093,0
42.24797657899961,3556.3967347394223,66.76040236854364,0
22.186856720009175,4193.215975400177,58.68807965678719,0
19.346846162736693,3502.483735262954,85.60070101653903,1
29.68358280832689,3416.696820213487,91.2989106354041,0
44.56951362331802,3112.1263221651625,55.031873926176665,0
22.261658145345013,3775.9473658103243,61.993705637797234,0
35.16406642217636,835.0952712007148,57.09859948804969,1
37.84858845986153,4410.310258034696,67.39707057910833,0
22.12912631977199,4365.625462338899,72.51754894527063,1
36.84649045835579,194.77405102106778,87.44131684816531,0
26.033493981577596,4137.792915295575,82.5573792440837,0
33.96917491780738,687.9058439935537,81.04642837392156,0
34.00589132282684,1708.8383285827524,67.61874733048272,0
31.073240522242756,3730.3658686434583,92.072377654238,0
17.70869310163225,845.7614854391256,73.56435836990823,0
40.05907486767714,4098.936769389358,98.95524690075773,0
24.623401949152075,4169.064180890822,81.70710691478683,1
20.595555311995625,2561.9652821161394,56.313237078225136,0
16.223254246642917,81.61006499832622,83.80887810377169,1
32.72678829564725,1470.8387592158183,66.25520077158495,0
35.32693085526847,3103.788245959924,84.31635983430488,0
15.497634867835684,4906.871581235746,53.48205740812028,0
30.36279174897843,3177.4769587325086,58.744071858797966,0
21.79487325593814,1336.0277262675909,92.78686294528931,0
34.35518371228349,3188.328230343076,61.358977851175744,0
20.23099287014974,2722.9276295934847,91.852056262147,0
35.72813214307398,3910.2347059981607,63.96380442272052,0
26.602060389016124,579.5541621934441,82.14409550293539,1
43.101899662102035,3817.0881173850385,84.70752867549155,1
19.125628324379797,2729.269564446746,75.63273765725265,0
25.231990531507755,4816.810419102024,65.26553383483656,0
18.40420563721767,1742.267221891496,60.632218818554804,0
42.74080854835688,3181.478371013043,51.659467728121314,0
41.32018060142943,4663.539122274587,65.1973200620362,0
22.73824883145467,557.4231535538623,82.65813952656416,0
34.79952138102537,4689.281011820433,96.91524092242413,0
39.51666600603647,3455.034325389026,93.5602241131526,0
31.65602434798387,385.7934425706009,88.30323882676512,0
30.889517350680194,1539.7696563867405,89.42236716266493,1
22.25556872701355,3555.451838794144,83.24924517379976,1
17.793083034176977,383.3854772704199,63.01434287830015,0
41.91647273859981,2931.7437778725525,95.3597515352915,1
42.01254171489991,1762.121131917136,83.53661559529169,1
33.99304371819804,3123.5318129490115,78.02203154902199,0
25.17089373146102,276.4230673719386,55.54947346067405,0
25.476287238379825,4364.107190454262,72.35277719032126,0
36.77867036610718,4868.770397428115,73.01791356009632,1
41.913307798577314,4845.945383664173,93.2281804761335,1
41.61259272795352,3760.7765671274774,77.33241100938943,0
38.396266375728715,693.9268886466283,69.02002744852048,0
34.26094938462863,3803.4028198486617,98.84001642553297,0
17.524198949851467,171.70523647106748,55.536029666315784,0
19.84886142283841,159.5115800685364,71.12742141559723,0
41.956625655812374,1651.8705847902293,52.10123375857027,1
33.1928717897877,2468.7837925030954,86.99520603834651,0
15.27591154849889,3863.5167181485763,95.90382760995753,1
18.044146285980965,3432.3121142022005,64.00186647752447,1
34.905053073241675,2257.218396564904,92.91708383995604,1
15.15184751538656,1404.4519980942462,64.61091152309488,0
19.82424154252496,4985.76627578067,95.53850808219576,0
31.462013680997583,2159.597446068066,87.6980951798392,0
35.7568559307808,2284.3657704318935,90.24533884207193,0
34.55883778507801,859.9379148987624,50.90032778002273,0
21.728079283816793,3984.30726631215,98.1405178537013,0
36.36537664042608,3483.727017618369,86.33354960351616,0
22.117472624904003,1142.809583304364,65.23755476930667,0
24.76199094477803,457.78617579842137,91.46973324294234,0
37.394742153540726,3418.4715452698297,64.0760599207465,0
34.48898697141644,3289.8305106916196,93.6376919783064,1
40.47670231482534,1402.6346586411362,55.62901952059685,1
34.7283867690103,4756.774633139531,85.18429887303978,0
32.04925810006415,797.7365643154561,77.03492383224551,0
17.810243034842774,2190.0572651608795,54.82672350977204,0
26.031474091783004,4720.898804829614,62.09469141294195,0
22.956071030451763,2127.6502187843053,50.62020181386574,0
22.319689301372506,3210.7034409372236,73.43839827322529,1
44.190316642573364,2018.0922699158316,65.06326303800002,0
26.792931740002814,1407.3652516259167,79.91787421488795,0
41.7613966553134,4920.68935740115,64.86189038543085,0
33.93415877991789,2076.203331259463,64.99595557534923,0
38.84433910624945,4475.791058211716,87.15965993658017,0
30.079112793155765,1188.2752991608766,52.40714179891767,0
32.30711653879077,1104.8682849241623,95.14474975959936,0
29.77553081456592,204.11371027833124,92.61319371955906,0
20.857289633941335,3275.750785610631,83.39023416132034,0
36.67356345784516,1874.2054014326177,79.66107850536922,0
23.423170873225672,4328.573336706203,94.61512490698262,0
15.729478992943616,2392.389038123208,59.26650897643572,1
34.364168877215036,4842.557468177873,53.948458109541434,0
20.31332038221147,968.3513027304497,61.9755084954769,0
43.21375753058743,4349.684681380273,89.72891393500952,0
43.617857310077625,3894.1544213191214,51.733513336324165,0
42.44593170661346,3866.0631309880573,79.14034175417449,0
26.10476100766333,4231.676979178594,99.7718758095655,0
15.463698495866023,3817.0687551678443,92.78480469187697,1
42.84955687763176,3149.790592075506,76.07228445217947,0
27.84552444951943,699.6621445278184,53.18204546433212,0
43.999644571310085,211.004588481697,91.5686757192855,0
43.90859931267758,4608.19684668765,79.94892540886053,1
40.5902836640208,3102.4190568776535,55.746649852978344,0
23.83346676208757,3992.859590332073,54.69286424116781,0
26.552931858057757,2433.535639987123,95.48134097182961,0
40.534100145505704,630.6755353638526,83.46001314690392,0
24.50766015468833,669.6696714026247,91.46433996583778,0
20.084782400582775,3443.548171783408,93.94894501411336,0
31.704037873750504,2180.01417975234,78.58861760241611,0
43.08464322482343,1042.5973971666667,75.87231758775206,0
35.88089390024919,2483.3930063701127,71.5213705160495,0
32.10183510268095,367.83423852191373,65.84732938955597,0
17.915294813123054,2930.758439476274,71.72979804293558,1
33.45021680097509,1381.5173519537334,88.69398278650782,0
44.7016155031279,3997.9175481540815,80.09617155075658,0
19.202520457095723,1586.29169667169,94.62616449774231,0
30.5498895709121,2303.339737954916,72.16900071895938,0
41.32119215783867,107.52167254509814,80.35447893593769,1
37.22305853262613,408.61209458306644,81.56537765459944,0
35.910472229858044,1992.8431042130899,79.58485811531628,0
36.07452251961328,2425.6972318497615,85.13168865427582,0
25.784734536592655,3020.1017131905533,61.871673418740315,0
23.8077553279348,1493.729764611051,75.61818887728953,0
39.28083466435541,3490.1603363263857,55.21124014041738,0
39.30340184037542,4307.605866086563,69.22556638224063,0
41.01216955740311,3910.2623950220814,74.38335343106323,1
42.397216576694134,246.11318547436787,82.61121297727362,0
30.340271965828133,2428.5093889262535,97.52655262931017,1
30.045488840615988,569.4043831699656,80.03255332741779,1
38.948855369003255,1248.122828519511,87.17969580882799,1
34.498917923332954,4933.979836672375,75.31330297476013,0
36.059006317731104,755.3529373624905,81.70520156881656,0
38.873780083083034,2519.4963595842123,53.54661080668867,1
41.70016025452699,3109.8708848746896,62.71957904209235,0
25.139854705546075,3527.201604193315,68.09265466025693,0
26.26748857919832,2820.2609832602247,73.62466775032567,1
17.81945819522607,98.36569472495911,52.282437275119186,1
32.34840422988522,1665.9834758077598,57.001204877665884,0
16.078268213902263,2612.6726347543217,63.84071538956529,0
28.967940543973803,484.9391707669251,98.57663454505254,0
31.2793390412273,1785.6033094854447,66.56735035515254,1
23.596237563848533,214.3553885172645,74.10205290560413,1
32.724997817070324,438.96356091735265,59.80488563691965,0
15.915007498171484,2014.7702171979006,80.5390035537884,0
16.12044566247643,706.9429825131488,64.03416077579871,1
39.67801681978975,2859.3271988947126,60.34962892192134,0
25.805719242337886,3462.8515972294654,75.82863142229895,0
18.811815379556542,4012.90416058996,50.27528995802104,1
30.667297801644132,1040.74370901181,50.383201632461265,0
38.09980659295832,879.0387821823953,60.95344045509289,0
21.474630824905297,567.6108096552813,51.83606812504106,0
33.68671427457001,3200.329735241002,55.40128770653457,0
17.56042394981304,3547.0548461101607,66.94303246693758,1
16.55045163505823,206.3514168869281,90.12928397899064,0
30.94063894704444,4684.250618906264,78.60243216846504,1
31.219053648303195,307.25785407478844,75.63338629782082,0
34.1228970449462,2729.4168597402986,64.67444116040608,0
36.78274001167985,3559.8495712820363,96.58768597164081,0
44.275562383876036,4361.297162543124,69.85075206185958,0
30.48901044903586,3584.7303140555177,54.35463833978857,0
24.688694188237378,4018.5540111954697,80.85332580589007,0
38.85558584306111,1730.27845308689,55.69191967383007,0
23.124967537862226,4083.3843130452356,67.2611571400846,0
28.169142621169083,446.568489604142,75.37059693589045,1
17.35369144026798,4479.342447499612,93.71112623425878,0
15.760522302463725,2760.5822619609944,74.67732901700593,1
43.87945244033775,4095.623961314344,85.11293830158321,0
40.079403615366175,2288.9755083655855,99.64084194995351,0
35.87922618281094,3235.7095912227987,56.57445599489908,0
27.268588332428095,2655.6931716337604,63.73657627597598,0
20.19882960212537,3671.3681326888927,69.72880377988233,0
19.69311128013258,454.0684110514184,71.09140892694157,1
22.50728694493786,348.7428157532908,70.55105376327728,1
31.476799941183614,1273.1610083502248,95.38055012782775,0
36.437877681001865,839.7461665602823,85.70163222334281,0
34.80592130153194,4365.328654631398,80.39526070453519,1
23.398016908378285,1135.1092374223194,65.46863589313911,0
43.64595841989582,4880.5330163047,91.18951921106473,1
37.13690750087305,1717.634169266979,97.75302557424945,1
31.63062157534202,951.4836826590614,91.05991412751132,1
33.35162238703057,3959.007610355272,50.078255259573645,0
27.588001872833697,3310.6034887293367,81.82006850917035,0
22.431929685034724,2516.068796443038,52.556769072105034,0
25.679180359537845,2799.0495771412748,62.880361016686095,0
37.735383313931074,3610.048802447706,52.97623501738858,1
15.431804658892677,1180.8509695899288,80.18977264746938,0
18.482179215207488,4981.8528844808725,84.32949567463034,0
16.380079260652582,4875.226152626577,55.72438190329525,1
16.221864069569104,3269.1121474173374,69.19194415224898,1
40.66381752033021,1037.7351320992684,72.8118254477771,1
36.109735781400715,3417.129800034892,68.45265108804583,1
29.225214872619755,407.38212444692044,56.05125002425965,0
17.935024819530042,201.72988591874002,70.94738950937378,0
29.74847625350497,1325.5302981305076,87.55890239042091,1
29.204153123416972,2339.983635859616,53.550383226662774,0
20.196056097300456,4347.948901771483,54.00900070409517,0
28.01554947713919,3649.4868953432247,67.73856459179922,0
26.955142031921206,3726.397279939906,97.08628558094625,0
33.47550294156649,2156.192005517973,83.42863233614571,1
34.052809526029314,1762.3782131074665,83.93349783362824,0
16.359120293161336,1886.6418767737835,68.09599954189325,0
26.238378438794136,4938.865340493487,79.68303956042692,0
33.77579747142709,248.54049749178827,50.50655920138717,0
30.094087757402633,4341.805905806121,81.80480232047711,0
40.69469523564967,2914.4432724333474,95.66434737881184,0
34.760808948568354,2221.1463249884728,80.62867341724096,1
19.88803281244289,3640.025419054926,93.68492967331724,0
17.117062422012896,2459.011260052279,86.19865277330469,0
34.27257834618947,4373.445028504219,56.02792082018451,0
15.795339316248654,4508.474226855729,95.12266536429209,0
32.5732674382039,2137.5185880236045,53.322192217788746,0
43.20690724274873,1420.2975963135052,76.6983736273882,1
32.26422533627637,2982.134126537143,57.10685618967288,0
26.645097786195656,4566.198560802621,50.5853305365452,1
34.29864655327059,1092.7778355780495,71.10171300638194,0
28.7475867147455,3133.68458863924,64.75203538270782,0
31.36850367947805,3176.2230894579766,74.30002468988015,0
43.24394426329576,3678.909460955641,78.85999433672754,1
26.58307913402323,701.2600413799361,52.186953615447365,0
43.83571691471742,3593.3335751763384,56.15016475618728,0
42.160519258681916,4549.7109772949225,77.93211982252127,0
20.873734043678894,939.4313889076977,67.15836765863291,0
17.080839026254964,1225.8394583731942,86.45867437747239,0
18.0233400413228,4858.405715506116,82.614582429597,0
15.546654769546493,945.8359159119743,92.28021814949534,0
17.83328882267785,4279.206212179417,84.62464133346126,0
35.490203202490704,2486.775389417772,71.49655386950741,0
17.13565945380687,1273.7938182957264,83.64833111972162,1
24.569268908812838,4360.212011298931,63.76905871277093,1
40.34625932908364,2254.261012263194,65.31567493891063,1
15.698158072074776,2598.3459019519664,89.44925799603966,0
39.43405447766807,1828.2051785288402,72.32097582007911,0
23.455643243201997,2985.106714602891,89.91901702591763,0
18.544944828649687,859.4431692958627,91.12111868341393,0
35.90211496092452,1985.8536064262155,92.8781168830642,0
33.86828540339652,4848.5909955596735,95.83176179206036,0
41.32416040581159,1327.7604918705813,71.5492610256648,0
37.05213131411657,3300.8464894793965,65.94334091605694,0
39.10442791154546,1659.6908179122397,79.1099373297057,1
23.461037177139197,3878.6919721486734,68.55862117188138,0
20.323186313391684,697.8246205558316,80.05370834001165,0
37.51844254922575,4850.614173138796,85.27929313219123,0
39.20504217801792,2296.2582298490142,84.42025092460685,0
44.7151542600202,1218.4497935649965,68.72764435100606,0
27.378530307342793,413.80889928356265,58.34301008493764,1
26.160542573783495,890.3016301833267,71.52646692311038,1
38.29238882225991,2622.8810453522874,57.12970720409544,0
25.224106207590538,1718.1657233348672,94.50485175919042,1
42.922719768106944,4152.972661118917,67.29387303689288,1
40.75238255529035,2182.893242125939,57.72298736116619,1
27.86982082125055,1281.135649308768,51.272387995287545,1
37.52613203374492,3104.867683689949,82.29111931432422,0
37.63628622254047,3548.5472235829566,81.84511587273715,0
18.093716065077977,876.8574441097018,67.03020832906458,0
42.076587200386996,879.7151206271724,53.58559444238255,0
30.157571173435713,231.5235633210377,70.4814447447616,1
39.79372398323225,3695.1899745749206,65.56087475316968,0
24.601488030918354,3335.8324117279353,83.85603198675047,1
41.86569685488601,2399.4228349615787,80.28896247263452,1
26.676050362024895,4228.643722397525,68.229686409877,1
15.32512954440895,4038.067257102763,60.894627712749504,1
42.16145929257791,2947.504103763923,99.40179830777959,0
17.738600303584008,4347.94283854063,72.70008105980574,0
24.579409127712445,1068.913989682003,84.41371178901186,0
43.50185901152415,604.002116018753,57.02764837891804,0
43.51821440812668,1385.2605770090986,74.27948498296989,0
32.203136643698585,332.5799376421085,51.37683599347327,0
33.95511636509398,2679.2891636051086,75.2727558955225,1
28.453365659349593,4686.198176860059,98.20087035588512,0
23.796323150941937,244.75052630912276,69.21033564929002,0
24.85993636109748,654.4440743496326,51.94980062874558,0
35.175553682311154,2288.3851900030045,51.54778954596718,0
37.5712358831304,4672.681336763129,69.39933799734348,0
38.74737131177545,1614.972719634915,58.001246823159704,1
38.68854428383662,2560.8123030075426,51.167604816409295,0
17.73618309146071,255.78565229944087,87.81068069750884,1
29.832609141077445,784.2988447623399,72.92615044409453,0
16.72676280049933,4933.819108646292,64.46223859863272,1
31.485866469712064,4827.337547358426,95.00415915082404,0
28.24591504120131,74.4529056253276,55.80694801002628,0
41.63112548274899,4761.468337845033,97.79594144776595,0
25.52745037656236,3213.6436921867266,65.69833586886764,1
18.512010492828175,4346.19555787411,94.42018361543407,0
19.289750461585076,2300.9622853876026,80.14714382397308,0
37.84531895152416,2602.2003414672886,91.33536798707436,1
33.546541899487835,2469.790572271755,99.2006581605232,1
18.033680283683708,3350.9780748532166,64.42027189093729,0
17.523204183449923,741.2737110437489,98.05677427037965,1
36.0290739437736,198.36926986975587,69.47409474512102,0
17.182890190925807,1574.253210876395,69.27559523684612,0
39.65580177871068,3538.169775546401,67.01935521272529,0
36.18726681469489,1049.1745880085944,77.07038036737926,1
17.440463419256993,3383.4905449583407,57.707252158924355,1
17.54513142255576,4851.064628230989,77.68557426790056,0
44.59918735503526,514.808543157621,77.0852406205002,0
26.22812387268361,3379.380485214375,88.0950906302435,0
26.11926441200673,2246.563585557627,91.68249809687927,1
39.383987017725076,4347.3041591686515,72.0220675156212,1
43.41745732151576,926.8914577645603,65.11666246757468,0
44.58003191468613,3478.498463519514,62.96674486585472,1
37.60134555776825,4198.670683758146,59.73119183524359,1
26.287787565927474,4725.840386396415,52.882379109951245,0
17.505021500960062,3432.077740033747,67.12239894173567,0
38.3144074778231,2511.015081841715,63.512384606539165,0
31.752127492074152,3108.3438389960083,98.32086929332037,0
27.726660277409287,4351.0796731696555,77.8854413125022,0
42.19063155284208,2874.518245862207,67.36385195152538,0
18.33592446918454,200.41594549934246,79.0233800496848,1
29.778753128725775,4658.19604275954,56.95983506728477,0
15.340609343022573,3463.1574176062277,72.20218746011014,0
29.05981925982379,3398.74125959737,81.31171607105318,0
16.68909827045512,1117.5920043687,74.44489158962257,0
18.564537488042156,3311.4830776516533,70.08894003271621,0
18.525787403313146,1999.6288079880844,99.6924194449849,0
34.47630906348191,3273.603236355386,94.01573810744635,0
37.3813463779627,577.6355000245541,81.17029790797201,0
32.50106295291479,3306.3342577850285,78.46886805911414,0
43.86517645423626,4997.097942564799,81.0330239912292,0
26.246117385711123,288.6495923597523,60.065605391121665,1
23.57136258845582,4887.0122118955205,69.75688716321594,0
41.057973845683804,2064.1944055782096,51.972976644544964,0
21.70787515558358,4360.229579169433,73.77730187434133,1
43.89667618321834,3922.8081460884537,77.15122919788315,0
15.36463424069449,2856.7304918840055,61.38748680516048,0
44.09636480122917,3705.3235857940663,98.20144235827568,1
16.294797358517283,4398.652028441672,95.4727305468621,0
41.73429341094213,2050.494592172613,86.1071617727953,0
30.831033272588996,1668.8141497380316,76.66933143826813,1
44.78894388357901,3354.587258539744,93.49845798238425,1
17.213896942061965,4048.83741260923,56.532617191173145,1
31.615628532039622,3823.311417144248,89.52548971374425,0
44.079076068572974,3999.1775618502406,56.24104069834242,0
30.692935325104465,2206.1374083240185,89.71053312747027,0
33.88195914405787,4098.279370066357,63.78837841256785,0
35.87246066953851,645.0348240845118,93.85452905090945,0
28.636231943033195,2745.221034906205,97.2021046912699,0
33.8267424025219,78.50536946570178,57.43979847025578,1
32.529429357693004,1656.699858006338,73.13378025326968,0
42.034740314729675,1863.9845976134195,99.04936890813426,0
16.363391410243736,2011.0548234658143,74.17037179865733,0
23.42889568776691,3492.5626731148177,93.17737612572725,0
43.51234452229676,1973.3626012882114,79.436576106566,0
41.70791351672749,2271.0334319815265,68.76649539598009,0
28.669702583571386,1225.843447827921,64.28917777629351,0
33.6039779340461,1897.5963685652334,60.16115455430436,0
23.32143548943398,1174.9846549525998,88.08990956888486,1
20.64363479171284,412.319822653796,69.3270253411514,1
28.910952148199463,3037.0705372378206,75.56377311003756,0
25.600566840781585,3357.6533528473306,74.6162740000591,0
32.509683355526164,3116.4772127475917,78.86395146165657,1
17.332039108949544,2344.2955168128333,93.2788572812276,1
44.23184422998499,1929.9396118871875,99.03696717917147,0
44.586322334388086,4323.501565380535,70.37921042869084,1
35.94485142059236,2619.454836424279,91.37594610531515,0
31.082890990323612,2421.9502942671684,88.22638973273588,1
24.285828488589832,176.92822574185664,78.67644757277867,1
39.41385059120846,1739.176746749474,97.80235718059666,0
35.54193517661638,1931.9683129899925,60.023725776420136,1
19.87850818034674,2024.1727654396575,55.46321051548107,0
42.32781553481527,2921.853227675295,92.69809834777111,1
39.67611728769507,2691.332606298048,71.95749083168741,0
43.49399739875772,3059.130209327551,92.34844271035303,1
36.7715852516508,3836.172144633535,94.65451025977075,0
33.402455878073695,4074.2794066446627,53.122879680953574,0
27.547291088718566,3604.7092273211474,94.17323814930303,0
42.9818545006204,4779.8422949769265,72.4159527684711,1
40.98191668501225,140.25128424799007,75.52162445021162,1
16.356560103185682,1019.1010291335532,81.32962555466051,1
15.79100923491756,87.43623114180349,96.31913033650434,1
26.293901006341486,3254.999835065285,50.9558047214882,0
39.31659992345499,4495.251217302435,73.84217341589085,0
44.618283879448335,1255.2373680526814,84.38610212152804,0
19.512506733105845,4638.820996741718,86.13534788491143,0
32.82392146056405,348.32358193332624,84.6266215768554,0
26.426725698930646,4675.458332687296,56.72175647040609,0
44.09743193443809,1790.5323018361903,64.96977941858407,0
40.263567694071256,552.0331008236217,67.93577627085068,0
40.149861141334135,2455.065207972312,90.22186038397524,0
29.06079479384911,1321.0440102165144,63.93799362072765,0
27.444585070129953,1460.120864711518,60.53524819336016,1
23.20221215792119,1571.0853263851186,97.87240095190481,1
16.691264899527813,4024.978194271684,50.443164255673445,1
40.9416712876516,2718.8483195425097,99.89104278409891,0
39.387030273902326,1590.9731108222181,83.84106494286978,0
44.991530198583916,3071.152227389046,91.42346497245586,1
44.89910511221716,3594.945837404808,64.73096981730966,0
31.662951168078823,1399.4888036309922,50.715763883353,0
38.06962245541531,2097.06805255049,86.8934759280765,0
43.34297189647284,653.3361620178904,91.7072298500338,0
40.48942172032234,946.6892801966676,87.02380659767596,0
22.42044305229593,3421.533377126665,57.14251436504193,0
28.516324059302804,948.1198210933534,87.67139611284846,0
18.87478245454485,2649.5587491519477,88.44613910538206,0
43.621530817761666,3559.778995526042,82.92702578350274,0
33.1852390335264,579.040769318982,88.30579663977932,1
21.85928416510388,2858.1954871630724,92.2960719838866,0
35.15102053217571,1319.9857793217507,80.68020571187293,0
33.543847213736875,4816.48803242602,54.430235698483955,1
25.744881540985215,2443.550951263627,74.38139048336055,0
18.40672776598887,4039.663121387033,53.88246673358025,0
35.14719586778399,2773.6213836734955,70.37715155162154,0
30.6092310271138,264.89203763135487,70.35532445628138,0
38.16955175206918,3184.0993091904106,53.30049220701208,0
30.604905033359803,4759.4465439229525,67.44102669847396,1
40.5654450095562,3027.9785097243393,55.54990493956574,0
31.557205163234567,4104.984854162612,90.4117605004611,0
31.828139146061588,4426.821993574618,97.38440129822354,0
41.29960807975035,1178.9948711472157,53.61582376289693,0
27.104485986371913,1099.621957545722,97.75576036458507,0
19.02045685351922,3074.355894812409,76.12882996683726,0
15.863480289400169,2084.5909255431884,64.9782838976937,0
37.65411767020857,4207.313449190266,53.84310376380817,0
33.60928654060394,4505.114460820155,75.0312134035209,0
36.12239304297671,1799.4358275484547,89.72577722453744,0
21.388924845267322,1222.5092669236863,85.35432386333491,1
19.09114426760309,3913.601300457116,52.51130057319869,0
15.436339970036459,1410.2898759632737,53.645091768395176,0
25.51762676419791,4121.940876642708,70.14366413163185,0
32.69753060563899,2147.504355561376,64.76452470239717,1
26.76732135299197,3354.372001492779,61.619216152802395,0
28.124247660711873,522.8998034816075,64.05022494543567,0
42.12476083481245,3138.1036571490363,90.17413716484424,1
25.44766401069901,2286.2500097492843,96.46140268159269,1
30.419684674794325,2953.711892718597,70.25513472637832,0
38.50959038223429,881.6703283370739,95.30555010662485,0
26.896283469638107,3697.5250374737016,66.0747850623941,1
33.662601006836205,4320.845533838981,73.82184931718959,1
40.87091126240236,1122.8620104493396,61.30144989079999,1
43.485618709729266,523.7870498248005,82.0238021087922,0
19.41220442787114,167.01100092936517,98.94905575874044,0
42.79762875484484,3227.7589271941665,80.17465480216893,0
29.763488792386145,3055.115478639465,67.89070420567745,1
22.74733164896875,2756.152192934647,82.39087229952642,0
28.77407268714784,1198.1381257740784,56.14603392326938,0
44.40097725856431,1984.9846797322975,94.43295401326993,1
29.77854281978609,2992.6578591715565,75.15419753899181,0
24.862548308625247,2508.9959513528884,72.4674871019821,1
34.00202562950177,4939.538325063692,79.29323942267595,0
22.204368563345792,725.376775155829,81.23919313947013,0
17.275899843259918,3490.965542535589,53.58879031132565,0
18.866391657319475,2051.3779021162463,84.13086106117012,1
18.841375168733173,2169.588093881793,62.09658401577648,0
19.55708080536883,3602.1089400079723,85.69763162532949,0
19.164815179482304,3477.55894905563,91.12673971920984,1
34.226242344096434,4956.717168825832,90.197925377626,0
20.456402531974344,685.55173279792,77.62504837039445,0
25.370018499715897,565.3427644516233,76.00849461553756,0
41.90365229718036,3635.4771447872686,57.14379806697059,0
29.218849207886173,2913.015239181725,88.76730752015678,0
35.02673215563081,1407.095299471039,63.570469022335715,0
20.169596136048895,443.1258764954837,74.83477114089733,0
20.768670564260123,474.00833550233114,64.21370464637583,0
16.226058487994365,4476.2448295873855,56.691418149984656,0
20.068051892164938,999.7432573577773,81.47788484458682,0
23.35771017095876,1650.6892324718278,52.71660174114519,0
20.310314528302406,1171.9491910235906,87.43226170631,0
17.661076012711668,1807.2317138680896,65.87933976305584,0
18.619076133018023,393.6480215931622,50.00673465022427,0
28.823363040981775,2619.345964995938,75.55645696186149,0
21.190011552173775,384.68218978146376,52.34259542638016,1
25.928095831442263,4011.7647137206895,63.80847789104497,0
30.10251812564571,1206.8748054566436,85.3488243727858,1
35.71184485888096,2723.058977292327,53.13448108109329,1
16.179364195232967,4406.391483429218,91.96692461780012,0
38.98231196727128,3271.842976783611,50.19099613292916,0
33.83701168472723,2688.1410434291097,62.34119346009511,0
17.452770958466157,1655.4520779211093,87.04520280760357,1
41.20735872320331,1698.3594696380796,65.81350748646534,0
42.626172015954396,3363.960428231041,55.094619403300676,0
16.832338795645914,4970.989838044779,68.0116959400214,0
23.30632944441611,3326.103989754424,63.51966431922628,1
39.18603839379184,2811.027915981623,92.13559510802774,1
37.447790711509754,3666.720025684268,65.66739587925716,0
20.53563058069132,2352.767780804405,89.44662358880036,0
21.28047970010131,347.70459587388683,94.59360724053673,0
26.11416308374146,2833.3692385956533,71.69087097882648,0
29.53568955573064,4790.245158301632,95.4971571927196,1
33.54764314590888,917.7495646704152,68.86590269815964,0
26.067409187093173,3465.5242095622953,98.20392082450542,0
28.876041483994435,1044.6217588623294,54.46447622627865,0
37.4241281440127,2702.3470381417524,84.35096332516213,1
16.100496086717936,528.5484257512621,74.69070202284644,1
22.573108330320622,2279.3361344780164,69.38244027278236,0
36.40048757653658,3793.0084780314683,81.63559393743004,1
41.856205130615976,1770.4790449829613,85.19285458171656,0
30.35032326346998,3341.313036211729,50.21816348251546,0
30.96340455795947,3987.4773059091594,58.347654437359935,0
18.215160340193282,4639.530206423291,85.65230253171593,0
28.42237100470364,1211.478305184495,83.31927067891033,0
30.978517993650694,2026.6137832560753,98.30237525643386,1
22.27411510904189,804.4592659855663,88.05188951253915,0
23.07729692848143,4962.793335683958,97.53863538656691,0
26.31852489313868,4638.654791225262,85.12702507674035,0
15.602135933331791,2722.78779488877,64.90261043197216,0
24.66237496749535,4218.064807163285,55.268246112542826,1
21.34344020989634,2628.741987496609,89.09119316724679,0
24.82492056533744,3136.7491556136606,82.2074610737958,0
18.59286395457754,491.16593897428226,52.40930061966481,1
41.71581842219685,3788.5885814591993,68.00252329504892,0
32.80777360662146,682.1817439944124,97.8399907742143,0
35.37306957433469,4139.034769750016,75.02005728551006,0
38.67513715822015,3921.03903396841,71.63645680098523,0
29.95326596787172,3558.286253827733,72.8849802579647,1
17.60760864262271,228.99388359757248,60.444136200258185,1
31.113196254556435,1550.4853619293767,68.43535854323976,0
32.60523354062637,1352.4072210586721,68.49066279935883,1
37.3631842255299,1832.6752169840195,52.61775100937362,0
27.94978638689038,483.83159648100076,88.37838142589591,0
18.82740908386691,4687.941224003761,70.82522159519395,0
23.513277173961733,2791.3210915262625,91.10899434082117,0
25.892468891959055,1562.3453377572166,92.51740005599477,0
34.377517239948034,2015.058509517703,60.599702734932904,0
32.12334914006736,2263.6525754989366,82.86767410850644,1
25.68290177693539,3022.941950135056,73.6140902081491,0
44.59545746378939,2602.613167097664,94.00783689607425,0
33.173244580706616,4600.9902674113655,60.787033958822704,0
22.116803752079832,2509.96924038386,83.89066001550222,0
18.053474178612113,4961.182173375398,80.38760611263612,0
19.585774175529963,4264.553540838224,64.76507387859164,0
22.378731851535242,1082.1270460688122,56.83004518255863,1
19.82044119778667,4656.4463124873855,82.58198802386383,0
20.59701072153917,626.0136695331066,86.92987290661654,0
23.55285506081541,4096.376057031399,65.78136718816751,0
20.201207858842643,1934.0853027090714,82.2416302011157,0
41.90296273879275,4395.972886203094,69.75654538057516,0
17.407012369849266,4346.880616031879,85.66034416413089,1
30.735341687107642,4039.3307305822245,59.96076374470265,0
27.311904809689846,3960.6506597199536,94.51075013180872,0
44.47135850725819,1558.161738535302,64.37047982327898,0
18.36116706504157,450.55045110369826,68.38929938780765,0
26.935667971372247,2044.7518848875493,52.90459760401749,0
44.08411299826106,908.9463491832179,55.57561061606382,1
40.96521377681941,3490.0078900671856,75.7930951356164,0
39.512162128478394,1763.1936463620384,63.379633836398575,1
22.737084811348197,4879.270494256579,91.77401128710972,0
20.126627621701974,3222.8117828593936,50.734669432747694,1
35.05929659773293,4121.278789990087,68.95470243359681,0
42.88127967382758,705.9971300721497,66.86727733845464,0
31.702886790417892,4316.971687249482,50.966381545880054,0
32.14838068409699,4617.648093041302,56.21841995002551,1
23.399372809808526,2460.956498153733,70.68213374593176,0
38.084787995758106,3050.9520418673383,74.64322922237233,0
20.6113124567257,3835.8085144698275,70.21448736274345,0
24.71037709212731,915.4512049390421,76.5468839206047,1
27.763093158492502,2537.70207849404,79.75658374528408,0
30.228311360533652,2023.38198747295,50.49619105639178,1
22.272291972452408,774.5512612031331,73.2047579726752,0
18.445104742176106,1869.2953903430807,98.17496204437941,0
33.31860127324897,387.4529314581932,75.95161400647743,0
23.65891659720767,177.76893939996057,83.87711337294766,1
32.43714664267837,719.0731313163726,65.59319289584415,0
19.63088145822607,4817.41980236641,88.69956890763812,1
29.434203055644524,2770.171202680334,88.64607409380575,0
30.977682976547577,4830.819697708439,76.06480238270694,0
16.554706104672807,2190.8644977341532,98.80069116396068,0
25.098128345817617,1593.489858772035,56.27751073813267,0
19.032440308169228,2555.4022210592084,50.84738324447905,1
16.90124911418303,2225.582858732905,88.50791058785481,1
44.69880697169836,573.0401870956324,90.35777686824413,1
24.67061534924169,3222.0902577165207,56.01036145602881,1
39.29623337563905,1119.389003422518,63.2791416479303,0
22.639219642912916,3116.9603767442563,50.877618168331445,0
35.44508166671788,3268.495407370859,64.66543053902824,1
37.80683579669059,802.5230229868081,88.65709369593358,0
32.86916221823533,353.68065419780737,75.89802638562895,1
29.14728565650475,3914.7698510387772,67.40477965841441,1
27.355227424418054,2326.0120976581347,68.58696474531652,0
25.46604799628986,337.91078775210514,50.06768128577341,1
42.88587432743478,4974.588269990348,64.9900263782618,0
39.918582233631874,336.0137769320149,82.32293708189653,0
43.95080731999538,3490.4243828498384,98.70972219081786,0
18.72891670456634,4919.210680053898,92.35304134919497,0
36.92602425610933,1233.9415158688319,51.17974823227646,0
43.150213704631135,754.134375001621,94.92803023374196,0
20.436991984969804,650.8554501410231,89.15992066493129,1
16.994888021003327,1551.211980459598,89.01880617854903,1
37.23361947870177,550.1767645027012,72.89978795017858,0
32.234193395397355,3476.198641385953,69.90026464772514,0
40.25486330274816,358.34440074381035,65.14578644165962,1
19.193171298788684,2571.6395343414592,53.284742947718286,0
38.858019355796706,4983.649426572235,61.41176817468495,0
21.048819601432335,4079.152834054793,62.33018174890123,0
19.909678285971136,3095.336219243504,74.20385348551008,0
19.92797393792979,1565.9554228937277,87.3722203298347,0
39.43724160694146,3138.2843896436107,73.69049141989733,1
34.955916620886,2658.8552463626756,52.89222247235803,0
30.69196274307358,2159.112750257339,97.8894900494102,0
25.764914523705073,697.0163648639874,97.13621595470562,0
41.31601622439325,4438.6908654403105,89.25947715742042,0
26.773353222679063,2276.4340116655467,99.56639507821103,0
39.497983184147316,1013.3814335127871,77.22411664001315,1
28.17404725710655,1870.4087868425836,98.13841751266031,1
26.308332882747226,2099.942275018189,53.78025203083754,0
28.880393570088195,4146.3125830560275,68.28403741306857,1
24.04133622492426,3681.39118377894,61.26906340033829,1
37.428281405287535,3858.059223524632,59.7916542067135,1
30.081611702774374,104.60475892180371,57.0401474446338,0
21.96638085440452,2109.9622909898194,81.12068207829984,0
41.987237198237054,2432.653550594852,89.06609278736525,0
26.516736641196342,145.0017702741306,78.91491997101804,0
31.306585833419657,1336.0753832879193,57.34813547941049,0
42.19416332893641,3813.434624454568,90.55618849667354,0
33.72713987741976,728.6930433585453,81.79773535818643,1
18.506941221250923,2699.7851506903285,69.40828530634977,1
43.19496370840425,1115.2492664853257,83.70651477680315,1
33.83124159214253,109.9978344872717,62.995248962141645,0
25.047168439712586,1243.9472151177304,67.25961042471053,0
19.17816217990162,4880.575086804766,95.87429215659951,0
38.82075567810888,4017.6087038207984,64.52522528357102,0
33.60218267785541,4799.904389389116,73.49941340789684,0
31.003832759289647,2464.877517435494,94.50705686980073,0
41.816777491528725,593.1941834536424,85.38606751337637,0
38.65791633673592,2762.3994704197803,53.110161308235135,1
19.550246391982533,2299.1678060718064,57.36515221394852,0
24.351662033866447,4229.567559561099,50.392079538595844,1
22.45467419443397,535.5087748820107,81.54608951145818,0
37.31838877718031,2466.793628257802,72.38367127052092,0
16.005973042073382,792.7408902352221,56.713742545113774,0
32.0966905461395,1657.1458381057969,97.89670605283852,0
37.87376057222072,3699.9175330696085,76.482986197281,0
41.30296910285249,2406.289740375394,62.09466470564446,0
25.262452461477224,1910.6470114715582,75.03017855773538,0
39.637719140160385,2002.6575789216747,83.98101663675538,0
18.318952108656216,2324.261503609634,53.81196089867822,0
40.39356875203555,3935.8318919934313,63.7351907523946,1
18.824659869959472,4465.819210254161,90.34827454419968,0
26.918618716811018,4778.906698194445,72.98324352013306,1
38.91886097338661,3945.1717619637107,77.32885710161474,0
19.497522820463214,1611.264133952663,71.64080011047346,1
21.877541856979246,3456.266795128384,52.194997132150256,1
36.66757705179199,2216.13546407419,58.2874889910078,0
36.601096096382236,1310.6195791279533,72.27708193709455,0
34.23442898655892,4212.314318158317,60.459273270396395,1
35.818453334013,240.21042736350873,52.49895143298394,0
31.281733300427884,4513.721861070347,92.18248320259119,0
22.553971767208584,2334.313449892434,99.0596264582058,0
25.370879805117582,3204.147310200988,89.65714369983698,1
20.44793150404277,3313.8019149186243,92.68924608523335,1
42.25351684000885,4480.832816497355,62.09885651585227,0
32.50175384298362,3201.514926727676,98.03134877565998,0
27.025542502909197,3088.971244562306,59.84628522267142,0
28.860174109323978,379.9276007754153,97.57149051809162,0
43.41850018835446,2616.1197086287602,99.74096469829755,1
19.600542093482407,793.3365540443561,85.58614028730244,0
32.58689496050391,3700.2971551713536,99.0571865895911,0
30.17666036653398,2585.498508022739,78.47698897835518,0
33.343627063039435,3417.127507081349,62.97708915880452,1
15.543305514625215,256.2808579818021,71.84979428328104,0
41.16371726832455,469.72047942672594,79.6780467689393,0
42.96354847450837,3595.800770910277,53.65407810135075,0
31.953995507676268,406.8174631934332,81.1171632308623,0
35.89952471630677,402.72080243803003,99.05889183811473,0
42.67498143531887,109.93695241269288,59.50538248918638,0
36.217159029401955,4784.681921582426,89.62975581441916,0
19.57617128742784,3700.6663793220846,95.39493968898097,1
32.288650805004394,1798.5944720852176,97.18507964101104,1
33.201451391485676,1517.8511273738934,98.00678022027236,1
27.72392013907158,1781.0309872419552,76.0729819360736,0
37.09332706874169,3884.5349793468504,98.86539539957519,1
43.03101044307044,3323.784524798551,87.86551035672194,0
42.767055387203285,966.7180609439663,58.083571811848095,0
28.525181142123962,911.8412099037175,73.8450053233985,0
18.39714137522266,537.0584660813167,85.9165587686002,0
44.54523596887004,3318.498462521624,62.36701579095417,0
40.166942593378025,3833.644677997593,82.03075917744437,0
18.739880436098005,1361.97982020877,83.33002395233096,0
42.625256478521166,153.67755710301842,58.13498719042829,0
41.09689086186385,456.74975400831534,78.25426562263782,0
30.56514171378216,4840.907172482901,88.58134554893039,0
32.73826307234788,1512.4516485132303,74.9447832267971,0
26.970081116103906,3857.6545817987612,50.60515583880537,1
16.64284916466094,3142.0846658286055,50.45192345396461,1
25.05591724937703,1940.6012162818347,67.85146719850061,0
39.085603457940344,1068.151947867998,96.30970342158909,0
15.138960690138086,650.8627698890618,61.43383898018044,0
25.004975150734325,3094.31419179239,81.71818444358436,1
26.9450608077283,3884.4372141570507,61.103793534666025,0
31.121868088137685,3237.326055028597,66.08349948297743,0
42.59566849238281,2674.9955595833335,92.4021044800742,0
25.390379830978837,257.6585559865995,86.44307211349735,0
25.40859605688683,4844.0194490921995,54.76996386566053,0
37.125037443292456,4003.635248690144,71.43510104932167,1
28.566538226694213,1499.4690816697755,51.458488182263224,0
21.73814468819946,4900.853130326311,74.04450733015045,0
28.5731854839808,3029.3138686997945,83.1217005850534,1
19.225710611393996,2932.99215812587,55.92513117990758,1
20.2916095951867,3752.9622381761837,64.44424694545829,0
29.951033182184393,4068.260451046181,69.89183127510785,0
27.56776348513644,3299.569106290938,95.97655123280248,0
42.445377032043,684.0739445126901,99.66275077114821,1
25.871816973498994,1724.4241546727671,52.24556494978079,0
32.4176505083413,4644.014019613946,88.0503961747696,1
33.96792863758591,1161.847278627067,68.58620332011716,0
15.392833697650008,1892.226767995691,69.622909311474,0
34.906121160501314,2188.78057057377,87.71324866735114,0
20.341079006092542,2225.0546989875384,95.92132160727044,0
43.832109524083656,3084.0509333479013,97.54642972512741,0
19.45988183259339,4718.225396836303,78.85612930191604,0
27.43872371181071,1241.4289235708995,67.85605796502514,0
17.560490042359316,651.4318126895444,89.37745429293896,1
44.90622755537842,1027.4789248066897,62.55006916311501,0
30.065850309937275,4440.278256035884,78.20370144167589,1
32.86155051960131,3246.76352264327,67.92892307624366,0
17.012294321652824,1465.2386067338427,82.8315536853938,0
37.498814111975335,4088.9373478946554,62.019945644675346,0
21.297167792867572,4313.781481999008,59.57964728674129,0
41.94162868322141,4240.245976516876,95.91195433377186,1
21.154189214460217,4598.686341515795,55.09018414747685,0
20.720631619909998,1298.59304985814,75.29789538674657,0
16.096490035442848,3787.4575472940774,61.04263914815044,0
29.162008353299978,2329.670511506993,51.94649816628337,0
31.945233997878493,4217.892836805805,51.80094091457132,0
16.97125918285057,3656.0288519499854,58.76108860529136,1
38.26582850085032,3893.414860173637,93.33851772530002,1
28.598665042440828,3298.001096521304,64.12393719885134,0
30.7317080798274,928.272408875049,97.52295852876479,0
28.222882408146845,2747.8832485398448,79.08111464945968,0
27.02289182625978,4924.115210646316,71.8307094884383,0
31.789209939246536,4690.070929160739,79.00444173347273,0
19.657207377921374,263.70999219520775,75.83491926131339,0
20.457843914858135,865.8333378607138,87.93881268786626,0
40.85356863040552,702.0574286000815,64.12480329864262,0
43.38346386400898,3643.6005544272125,67.65251958001512,0
26.199279488392587,4098.0373827918775,94.70471512666253,0
23.122340194306613,1106.881263237826,97.32282565752027,0
34.31998629717047,2553.9708301115534,94.62791137432373,0
27.26202513294289,4211.47998865544,70.97239969786568,1
15.761590669810346,3677.36764659294,89.01827515034408,0
19.68457792098571,2734.074167184649,73.81678666505493,0
36.47916686542193,2972.221067770926,74.87699260730511,0
34.76771825730454,2566.3847072355857,60.234005452864196,1
15.812879775104506,1522.8648340281618,79.55651516292582,0
21.659164857988483,2846.85886465213,59.306794887667394,0
21.93224389764214,3459.982245147949,66.5782349533597,0
35.15678230796185,4372.948433510998,92.75151008099675,1
15.591316132630924,3199.642202197278,60.35379046054276,1
18.123257459537214,3817.551608363632,53.557914258671644,0
38.99748256119568,842.3545930251363,53.45037963064082,1
20.35633986163001,2334.70949837796,97.03922602515539,1
34.582383235556236,96.19151814411182,75.34602189809173,1
22.145483431401797,1271.060379382034,70.47060359085091,0
17.983241782780354,3645.985489809374,90.54392905039592,0
22.295165729983623,4959.459259179349,91.79129639552579,0
36.66800795566978,540.9315929567188,66.60955165578022,1
40.67089404318857,2037.396863513377,84.68090287368976,0
39.90659593700975,4010.3512950608397,88.55614079259433,0
26.915505888553646,1059.9763914130494,82.73253434329773,0
35.042554097119385,2797.6704990463168,57.57975374000497,1
21.14952886247463,3678.70291534689,93.79415417585285,1
23.794431907830397,3099.127978787886,76.95472763680044,0
41.89007455563359,980.7224363463099,64.12362131850018,1
15.39005770532208,1809.1536149944102,71.2614092718847,0
17.56525592563404,3929.769333202716,51.87855451994537,1
21.23658765438082,2793.421244953482,56.39334006112088,0
15.795966116214592,75.88658703741805,88.27733752579304,0
20.44306305269392,3816.9042621390645,50.00058173776831,1
32.49124682909077,224.7912069541834,70.82829142411461,0
27.64273651777494,3741.3822245195993,76.12550905427942,1
41.780151332309245,1052.278772817925,52.731721000048616,0
39.523306852153226,4792.463726590932,98.65390814861664,0
25.254520550936277,1871.3067189453182,61.3062665624836,0
22.782703002938774,1668.3115008734915,65.20993598181404,0
26.390772245018006,786.9958491456011,65.19712561275136,0
32.70884827544423,1562.7408666765637,61.520833105867496,0
23.041909224686286,4389.421271049593,50.07369110431557,0
33.72446723547402,4981.854971254874,86.46723970439982,0
27.282349565737213,1873.1321760088993,98.34227498996427,1
31.561415425559407,2270.6226232249855,61.21467416425225,1
28.0837958740595,3624.2511441035485,83.15235959017113,0
23.83397278625753,4436.669113302119,87.09481634793576,1
43.4535992088647,2985.5694542245815,92.42126895452623,0
37.908173824792826,1988.0522059802552,71.13145985068046,0
19.203395272993575,2092.4781122006875,65.14654528202146,1
41.05403927693739,3493.309825159194,66.26475670115155,1
29.62293594748541,65.93040484117947,85.63106665492563,0
41.836566806822745,3116.9672204262115,90.8389733252818,1
38.995657678419455,1809.690401684719,59.08069838783013,0
27.756405134077003,3981.276789821567,68.54705040788826,1
15.674079249603523,510.3036671245042,95.0970098374575,0
23.060320781548384,2961.601221394533,90.33467598473696,0
31.249026439826007,2430.8158049363124,99.2429201381238,0
34.00434659478442,3229.5113532308756,87.71241298410403,0
22.73663056299607,371.02529269069333,69.65976005139612,0
19.180682222184725,2920.9197477692496,79.53189169973189,1
40.04790710397897,2829.348710399642,83.05071271236602,0
44.532065421106566,2825.267467360046,53.922790815856196,0
30.770705469080575,3037.263949652451,77.22484795519325,0
20.150378575449103,3398.516289270493,85.46604142363049,0
23.169219795581068,4034.69554841981,58.366065200053015,0
15.551720296424001,1385.6125646346609,89.03158587127785,0
42.428964196814974,4133.994580391307,79.18863902570558,0
18.532532486704234,2516.3656272040953,97.61108928487974,0
32.29549426542761,431.43848171493926,52.12111491034459,0
23.22165662061618,339.82709975769706,63.266306877773346,1
31.6253400754738,1704.4796775455009,80.0776939649912,1
34.542611650555926,3935.2400367017644,64.82799561029654,0
39.89225411121605,3553.020626967533,85.72120820356211,0
21.1926381528181,3953.6440751284117,87.95026412609656,0
15.329874859754414,2610.481829385966,55.125798203323725,0
19.106568902064218,2228.9850398796784,75.69272321033839,0
42.00055925544315,779.8900071961056,75.4445277795528,0
41.216702326875456,1674.554130366092,68.46403851077706,0
32.92239306510925,2198.3958625606824,96.6462431284836,0
33.0155058130096,488.5721269141053,91.37531599366106,0
34.95110023638766,1142.0291659204956,84.86046909548185,1
20.261138358703487,3011.2152056155073,85.71633178674988,1
42.4323583777488,3691.5324154839896,73.08580719065596,0
27.563115746762193,4991.820181395101,96.0497260548288,0
26.494155847484926,4668.910990150611,84.72977136266427,1
30.567531158485124,3230.697737699198,86.44905308279081,1
16.408979003251652,2135.177863805656,93.08454518936726,0
19.98850106268238,3199.077955305752,63.70357946710955,0
37.141008492791116,3938.9755094971483,90.35354519333515,0
17.483960037753793,635.7641450707672,59.7620301478246,0
33.09456328399165,2079.029203996627,67.26709761224438,0
22.36047329043963,4207.021313896305,66.78052271349213,0
26.678868421259295,1949.9731120685678,98.92627341945703,0
23.660812103120996,2880.7677425745733,92.82686118739633,0
25.670181493948476,2959.4583362678814,85.05849307951298,1
36.571377155527365,963.1574530115148,86.35283808076952,0
23.91365146869525,1843.0654361788274,78.10363972012856,0
31.992139208906917,1705.830879272564,97.35453335542596,0
29.28151206597299,179.67370723372073,74.81293764411808,0
34.91013496087945,169.74923126220847,69.02588549349473,1
43.10489217974274,4166.900366195078,58.15176684657955,0
36.977162916307506,1401.7005093654213,89.31028261305289,0
21.448211357722702,2614.4898928821362,86.72219660377957,1
15.93549405183854,1528.6915892644265,69.21775192620674,0
22.867921328994754,4706.362263320935,51.25967069796147,1
32.852337921007646,1333.51895638558,91.94986638590053,0
16.54277440452751,2176.8012230577287,50.57089917270368,0
29.890987416037092,4370.014739898779,85.18498898145255,0
32.90528546750667,4217.571155619453,98.51285548630285,0
25.027316724508825,971.2020183390728,71.88306640741017,1
38.12736611237466,4023.0843834887664,61.74867024979764,1
18.197947594013154,2318.0250893525686,85.24355050216909,0
17.254133452074264,2440.6959168225085,90.85640710077925,0
36.8456626861081,710.7258634589217,77.32151580389237,1
29.864739486185954,448.977493097767,98.35176376280731,1
35.65207189283208,3653.2995695201375,52.583436082898054,0
28.044820158112387,2507.4827041587337,75.2397799152264,0
22.392060997173203,2212.4109779451387,85.9226973661275,0
39.57306953022599,3661.065731829364,93.13202355745895,1
38.982476369069374,3839.288850005993,58.9627805953895,0
35.8408941256328,836.5954299633001,90.00017408818407,0
23.16435411689888,3070.614489914324,77.63535378592726,1
32.706920006072615,720.0027072745434,69.82768409949816,0
25.829216908200806,3769.3066758437762,56.58575142895468,0
17.747462199799024,3301.9280235223405,93.26478794544562,0
42.51940726386728,4785.242374363117,57.863660408985766,0
19.104558927568842,391.34218096428486,65.48939296045496,0
43.50712061462407,332.4208696987089,64.50227659812184,0
28.380173188738674,1446.8260197313407,93.57070170954272,0
